,ID,Score
0,Destination Meatball,0.9749438762664795
1,"Love, Mary",0.9971127510070801
2,Shaadi No. 1,0.9970765113830566
3,"Wait Until Spring, Bandini",0.9776366353034973
4,Changes,0.9973154664039612
5,Sundays and Cybelle,0.987470805644989
